<addon id="plugin.video.ElBarcoDeSabetOnline" version="0.1.0" name="El Barco de Sabet Online" provider-name="Sabet">
    <name>El Barco de Sabet Online</name>
    <summary>Un addon para reproducir enlaces Acestream desde la web.</summary>
    <description>Este addon permite reproducir enlaces Acestream desde ElBarco.</description>
    <platform>all</platform>
    <extension point="xbmc.python.script" library="default.py" />
    <extension point="xbmc.addon.metadata">
        <summary>Addon para Acestream Online</summary>
        <description>Reproduce enlaces Acestream desde la web.</description>
        <platform>all</platform>
        <version>0.1.0</version>
        <provider-name>Sabet</provider-name>
        <assets>
            <icon>icon.jpg</icon>
        </assets>
    </extension>
</addon>
